archivo_pdf,paginas_pdf,tipo_informe,codigo_documento,nombre_edificacion_informe,ubicacion_informe,lat_informe,lon_informe,fecha_inspeccion_informe,evaluadores,supervisor,dictamen_etiqueta,recomienda_demolicion,inviabilidad_reparacion,uso,anio_construccion_informe,num_pisos_informe,num_sotanos_informe,area_planta_m2,sistema_estructural,piso_critico_mencionado,hallazgos_flags,n_evidencias_fotograficas_citadas,extracto_conclusiones,texto_disponible,chars_texto_extraido,match_calidad,match_score,hab_id,hab_certificado,hab_etiqueta,hab_nombre,hab_direccion,hab_municipio,hab_parroquia,hab_num_pisos,hab_material,hab_uso,hab_inspector,hab_created_at,hab_estatus_demolicion,hab_lat,hab_lng,hab_obs,match_alternativos,nombre_norm,nombre_archivo_norm
fioremar.pdf,2,Recolección de escombros / post-colapso,DGPS-013-05-08-2026,Hotel Fioremar,,,,15/04/2026,Johan Bellorin Ingeniero Supervisor CIV; Trino Baloa CIV,CIV. 306.361,Colapso / escombros,No detectado en texto,No detectado,,,12,,480,,,,0,,Sí,1606,Alto,0.9,203552,659934290720260419,ROJO,Residencias or,"Avenida panteón, San joe, San Juan, Libertador, Caracas, Distrito Capital",LIBERTADOR,SAN JOSE,17.0,Mixto,Vivienda Edificio,Edgar José Vásquez Mijares,2026-07-29 04:19:34,,10.511478,-66.906987,"Realizar reparaciones, columnas ubicadas en los comercios y sotano","A (ROJO, score=0.9, id=195108)",fioremar,fioremar
informe demolicion samantha.pdf,3,Justificación técnica de demolición,,"Residencias Samantha, Torre 1 y Torre 2","Calle 9 del sector Playa Grande, parroquia Catia La Mar, Municipio",,,,Johan Bellorin CIV; Trino Baloa CIV,,Dictamen orientado a demolición (sin etiqueta explícita en texto),Sí,Sí,,,,,,,,falla_columnas; perdida_verticalidad; peligro_aledanos,0,Justificación Técnica de Demolición por Daño Severo ,Sí,3349,Alto (alias manual),1.0,195050,23924240720262352,ROJO,Res. Samantha Torre 1,"Caracas, Distrito Capital, 10, Venezuela",VARGAS,URIMARE,11.0,Concreto,Vivienda Edificio,Juan Samuel Teles Goncalves,2026-07-24 23:52:34,,10.611482924230613,-67.01983298546354,Columnas del módulo de escalera con daño severo. Afectación a nodos estructurales inspeccionados desde la fachada,"Res. Samantha Torre 2 (ROJO, score=0.9, id=195008) | Torre 1 (ROJO, score=0.9, id=178527)",samantha torre 1 y torre 2,samantha
INFORME EVALUACION RESIDENCIAS ARENAL.pdf,3,Informe técnico estructural,DGPS-009-11-08-2026,Residencias Arenal,"Calle La Playa, Sector Caraballeda, Edo. La Guaira",,,11 de agosto de 2026,,,INSEGURO (Rojo) — confirmado/citado,Sí,No detectado,Residencial Multifamiliar,,,,,,,dano_vigas; dano_losas; cerramientos; peligro_aledanos; acordonamiento,5,"su demolición controlada, mediante un procedimiento previamente planificado que garantice la seguridad de las ",Sí,7217,Alto (alias manual),1.0,77330,4321120720261628,ROJO,Residencias Arenal,"Vargas, La Guaira, 11, Venezuela",VARGAS,CARABALLEDA,12.0,Concreto,Vivienda Casa,Deymar García,2026-07-12 16:29:22,,10.614091054465492,-66.83516621589662,Grietas por facha de flexión en nodos ,"Arenal  (ROJO, score=1.0, id=76612)",arenal,arenal
INFORME EVALUACION RESIDENCIAS EL MAMON.pdf,3,Justificación técnica de demolición,,RESIDENCIAS EL MAMON,,10.6122222,-66.8252565,,,,INSEGURO (Rojo) — confirmado/citado,Sí,No detectado,,,,,,,,falla_columnas; perdida_verticalidad; dano_losas; cerramientos; peligro_aledanos,0,Evaluación visual de condición estructural y recomendación de demolición controlada ,Sí,4335,Alto (alias manual),1.0,170487,39991180720261927,ROJO,Residencias El Mamon,"Caracas, Distrito Capital, 10, Venezuela",VARGAS,CARABALLEDA,5.0,Concreto,Vivienda Edificio,Yennifer Alejandra Zacarias Trejo,2026-07-18 19:27:19,,10.612378770019632,-66.82524818206764,nan,"Residencia el mamon (ROJO, score=1.0, id=161868) | Res. El mamón  (ROJO, score=0.95, id=32691)",mamon,mamon
INFORME EVALUACION RESIDENCIAS NEWPORT.pdf,5,Justificación técnica de demolición,DGPS-013-11-08-2026,Residencias New Port,"Av. La Playa, Urb. Caribe, Caraballeda, Estado La Guaira.",,,11 de agosto de 2026,Evaluador,,Dictamen orientado a demolición (sin etiqueta explícita en texto),Sí,No detectado,,,,,,,,cerramientos,0,"inspección, se justifica la demolición controlada de la edificación, mediante un ",Sí,4722,Alto,1.0,70980,8919120720261325,NEGRO,Residencias Newport,"Calle la playa, tanaguarenas, la Guaira ",VARGAS,CARABALLEDA,1.0,Concreto,Vivienda Edificio,Yohandy Alexi Miquilena Toyo,2026-07-12 13:25:36,,10.6126444,-66.8283203,nan,,new port,newport
INFORME EVALUACION RESIDENCIAS REFUGIO DEL CARIBE.pdf,7,Justificación técnica de demolición,DGPS-013-11-08-2026,Refugio del Caribe,"Tanaguarenas, Estado La Guaira (Vargas), Venezuela",,,11 de agosto de 2026,Evaluador,,INSEGURO (Rojo) — confirmado/citado,Sí,No detectado,,,9,,"000,00",,,falla_columnas; perdida_verticalidad; dano_losas; cerramientos; peligro_aledanos; apuntalamiento,0," Preservación de Vidas Humanas: A diferencia de otras edificaciones en el sector que sufrieron colapso total (incluyendo el colapso completo de plantas bajas), el edificio Refugio del Caribe mantuvo las vías de evacuación funcionales el tiempo suficiente para que todos los habitantes desocuparan la edificación en su totalidad, salvaguardando la vida de las personas. Resistencia y Ductilidad Remanente: A pesar de presentar fallas graves en nodos, losas de los pisos 1 a 3 y recubrimientos, la estr",Sí,6138,Alto (alias manual),1.0,170205,39391180720261434,ROJO,Residencias Refugio del Caribe,"Tanaguarenas, avenida jardin botanico residencias Refugio del Caribe",VARGAS,CARABALLEDA,7.0,Concreto,Vivienda Edificio,Ricardo Jose Volpe Oropeza,2026-07-18 14:34:57,,10.612089877192622,-66.82693039388609,"
Auditoría: se marcaron como duplicadas y se eliminaron las inspecciones: 195996, 196007","Refugio del caribe (ROJO, score=1.0, id=170193) | Refugio del Caribe  (ROJO, score=1.0, id=71687)",refugio caribe,refugio caribe
INFORME EVALUACION RESIDENCIAS SAN JORGE.pdf,6,Justificación técnica de demolición,DGPS-013-11-08-2026,Edificio San Jorge (Torre separada con junta de dilatación,"Tanaguarenas, Estado La Guaira (Vargas), Venezuela",,,11 de agosto de 2026,Evaluador; Supervisor,Werner Faro,Dictamen orientado a demolición (sin etiqueta explícita en texto),Sí,No detectado,,,,,,,,falla_columnas; cerramientos; peligro_aledanos; acordonamiento,0,Y DEMOLICIÓN TÉCNICA CONTROLADA DE LA TORRE SAN JORGE. Se mantiene la ,Sí,4479,Alto,1.0,2105,2311070720261057,ROJO,Edificio San Jorge,"Vargas, La Guaira, 11, Venezuela",VARGAS,CATIA LA MAR,8.0,Concreto,Médico / Asistencial,Ricardo Arcangel Raimondi,2026-07-07 11:02:20,,10.5989811,-67.042311,"Los elementos estructurales ""visibles"" no evidencian daños que pudieren sugerir colapso de la edificación, salvo el hall de acceso en  cuyas columnas circulares aparecen grietas profundas, sin embargo estas no son redond","Res. San Jorge (ROJO, score=0.9, id=169875) | Torre S (ROJO, score=0.9, id=79553)",san jorge torre separada con junta dilatacion,san jorge
INFORME TECNICO EDIFICIO CAPRI XVI.pdf,11,Justificación técnica de demolición,DGPS_INF-F2-Tanaguarena,EDIFICIO CAPRI CLUB XVI,"Avenida Costanera La Llanada, Mun. Vargas Caraballeda, Estado La Guaira",10.610953,-66.866996,11 de agosto de 2026,Luis Burgos; José García; Daniel Arana; Antonio de Nicolo; Aura Quintero,Aura Quintero.,INSEGURO (Rojo) — confirmado/citado,Sí,Sí,,,14,,450,pórticos de concreto armado,"Piso Crítico"" de la estructura.",falla_columnas; perdida_verticalidad; dano_vigas; dano_losas; cerramientos; peligro_aledanos; acordonamiento; apuntalamiento; monitoreo_vecinos,0,"4.1 Conclusiones 1. El Edificio Capri Club XVI presenta una condición irreversible de colapso potencial inminente, con un nivel de riesgo estructural catalogado como extremo. 2. Las fallas críticas se concentran en el primer nivel (piso crítico), donde más del 50% de las columnas están rotas con pérdida superior al 50% de su sección de núcleo de concreto armado, lo cual ha causado la pérdida de verticalidad de la torre de 14 pisos y la reducción física de la altura del entrepiso. 3. Se constató ",Sí,13194,Alto,0.9,180607,66592220720261652,ROJO,Edificio Capri,"Callejón San Pedro, Callejón San Pedro, Altagracia, Libertador, Caracas, Distrito Capital",Libertador,,8.0,Mixto,Vivienda Edificio,Luis Miguel Prado caicaguare,2026-07-22 16:52:03,,,,nan,"EDIFICIO CAPRI (ROJO, score=0.9, id=108676) | capri  (ROJO, score=0.9, id=2434)",capri club xvi,capri xvi
INFORME TECNICO EDIFICIO FRANCO MAR.pdf,8,Justificación técnica de demolición,DGPS_INF-F2-Tanaguarena,EDIFICIO FRANCO MAR,"Avenida José María España, Vargas, Estado La Guaira",10.489497,-66.899001,11 de agosto de 2026,Luis Burgos; José García; Aura Quintero,Aura Quintero.,Dictamen orientado a demolición (sin etiqueta explícita en texto),Sí,Sí,,,5,,780,pórticos de concreto armado,"Piso Crítico"".",falla_columnas; perdida_verticalidad; dano_vigas; dano_losas; cerramientos; peligro_aledanos; apuntalamiento,0,"1. Se concluye que el Edificio Franco Mar presenta una condición de colapso potencial inminente, catalogada de extremo riesgo estructural debido al colapso por compresión de sus columnas de soporte en el Nivel 1 (piso crítico), la notable reducción de su entrepiso, la pérdida irreparable de su verticalidad y las fallas por corte en vigas en 5 niveles de la edificación. 2. Como RECOMENDACIÓN ÚNICA E INMEDIATA se establece la DEMOLICIÓN RÁPIDA Y CONTROLADA de la estructura. Esta acción debe ser co",Sí,9481,Alto (alias manual),1.0,171818,73420200720261338,ROJO,Edif. Francomar,Calle Principal Boulevard Tanaguarenas. Caraballeda. La Guaira.,VARGAS,CARABALLEDA,12.0,Concreto,Vivienda Edificio,Maria Mercedes Nieves Duarte,2026-07-20 13:44:09,,10.6123543,-66.8318071,"Edificio a punto de colapso, se recomienda Desalojar","Franco mar (ROJO, score=1.0, id=139455) | Franco Mar (ROJO, score=1.0, id=139403)",franco mar,franco mar
INFORME TECNICO OPPPE30.pdf,3,Ficha PNUD / ATC-20 detallada,,OPPPE30 – TORRE A Y TORRE B,"Calle/No/Sector OPPPE30, Los Ramos, Caraballeda,",10.611338,-66.865450,[ 11 / 08 / 2026 ],,AURA CECILIA QUINTERO D´JESÚS,INSEGURO (Rojo) — confirmado/citado,Sí,Sí,Habitación / Departamentos,2001-2019,12,0,853.00,Pórticos de Concreto Armado,piso crítico (Planta,perdida_verticalidad; cerramientos; peligro_aledanos; acordonamiento; apuntalamiento,0,"Demolición/retiro inmediato de elementos no estructurales inestables (plafones, elementos de ",Sí,5208,Alto,0.95,158585,3623160720261340,ROJO,"Edificio la llamada, torre 2",La llamada,VARGAS,CARABALLEDA,5.0,Concreto,Vivienda Edificio,Elvia Maria Corredor De Gutierrez,2026-07-16 13:40:48,,10.611179795305237,-66.86658297958934,nan,"Oppp30 (ROJO, score=0.95, id=158241) | Oppep30 (ROJO, score=0.95, id=158103)",opppe30 torre a y torre b,opppe30
INFORME TECNICO RESIDENCIAS AGUAMARINA.pdf,5,Justificación técnica de demolición,,Residencias Aguamarina,"Calle Guaicaipuro, Caraballeda, estado La Guaira, Venezuela",10.6121524,-66.8443427,11-08-2026,Evaluador,,INSEGURO (Rojo) — confirmado/citado,Sí,No detectado,,,5,,,"pórticos de concreto armado, losas aligeradas y elementos de mampos",,dano_losas; cerramientos; acordonamiento,11,La condición observada justifica considerar la demolición controlada de la estructura ,Sí,6298,Alto,0.95,190153,228257200720261317,ROJO,Edif.Sol del caribe,Av guicamacuto,VARGAS,CARABALLEDA,13.0,Concreto,Vivienda Edificio,Yenifer Del Carmen Noguera,2026-07-23 10:54:11,,10.6106961,-66.8445068,"se observo daños estructurales, es inhabitable, se recomienda acordonar y una nueva inspección de especialistas ","Residencia agua marina (ROJO, score=0.95, id=173716) | Vallcarca (ROJO, score=0.95, id=172924)",aguamarina,aguamarina
INFORME TECNICO RESIDENCIAS ALTOMAR.pdf,5,Justificación técnica de demolición,,Residencia Alto Mar,,,,11 de agosto de 2026,Edinson Stand Ing. Crisbelys Caraballo Ing,Jorge medina,Dictamen orientado a demolición (sin etiqueta explícita en texto),Sí,No detectado,,,4,,,"pórticos de concreto armado con muros de mampostería confinada, con",,falla_columnas; dano_losas; cerramientos; acordonamiento; apuntalamiento,6,Y DEMOLICIÓN TÉCNICA CONTROLADA DE LA EDIFICACIÓN. ,Sí,6703,Alto (alias manual),1.0,114439,19142140720261245,ROJO,Altomar,"Caracas, Distrito Capital, 10, Venezuela",VARGAS,URIMARE,8.0,Concreto,Vivienda Edificio,Jose Gregorio Ortiz Carrillo,2026-07-14 12:45:59,,10.6093838,-67.0110124,nan,"Alto mar (ROJO, score=1.0, id=120239) | Hotel y restaurante Alto Mar (ROJO, score=0.9, id=171786)",alto mar,altomar
INFORME TECNICO RESIDENCIAS CAMURI BEACH.pdf,5,Justificación técnica de demolición,DGPS-002-11-08-2026,Res. Camurí Beach,"Av. La Costanera, Caraballeda, Estado La Guaira. Coordenadas GPS:",10.610844,-66.868768,11 de agosto de 2026,Evaluador; Supervisor,Aura Quintero,INSEGURO (Rojo) — confirmado/citado,Sí,No detectado,,,13,,432,pórticos de concreto armado diseñados y construido en 1996,piso crítico (Nivel 1 / Planta Baja). Más del 30%,falla_columnas; dano_vigas; cerramientos; peligro_aledanos; acordonamiento; apuntalamiento,0,DICTAMEN TÉCNICO FINAL: DEMOLICIÓN RECOMENDADA (Opción principal según ,Sí,4654,Alto (alias manual),1.0,95703,5064130720261313,ROJO,Camuri beach ,"Caraballeda, camurichico",VARGAS,CARABALLEDA,12.0,Concreto,Vivienda Edificio,Eduardo Luis Contreras Barragan,2026-07-13 13:14:04,,10.610842,-66.868597,"Se deben tomar acciones de patología estructural para evaluar la recuperación del edificio, solo daño fuerte en dos columnas de resto daño moderado. Sin pandeo en columnas y vigas","RESIDENCIA CAMIRI BEACH (ROJO, score=0.95, id=92223) | Cimas del Mar (ROJO, score=0.75, id=3438)",res camuri beach,camuri beach
INFORME TECNICO RESIDENCIAS CONTRY MAR.pdf,3,Ficha PNUD / ATC-20 detallada,,"Residencias Country Mar (Cinco pisos, un","Avenida Granada, sector de Caraballeda, parroquia",,,11 de agosto de 2026,Graciela Pieve; Fredy Jesús Briceño ACOMPAÑANTE; Aura Quintero,A:,INSEGURO (Rojo) — confirmado/citado,Sí,Sí,,,5,,,pórticos de concreto armado (vigas y columnas portantes) con losas,,falla_columnas; perdida_verticalidad; dano_losas; peligro_aledanos; acordonamiento; apuntalamiento,0,técnicamente la demolición total y el posterior bote de escombros: ,Sí,6445,Alto (alias manual),1.0,162009,3467170720261333,ROJO,Edificio country mar ,Av  la playa ,VARGAS,MACUTO,10.0,Concreto,Vivienda Edificio,Alex Jose Moreno Zarate,2026-07-17 13:34:35,,10.6095686,-66.8809879,Todas las juntas de dilatación presentan desplazamiento entre 2 y 2.5 cm de la losa de entre piso.,"residencias caraballeda country mar (ROJO, score=0.4, id=121115) | Residencias, carabelleda, country-mar  (ROJO, score=0.4, id=69546)",country mar cinco pisos un,contry mar
INFORME TECNICO RESIDENCIAS DICTIS.pdf,3,Justificación técnica de demolición,,"Residencia Dictis,","Playa Grande, entre calle 6 y 7, parroquia Catia La Mar, Municipio",,,,,,Dictamen orientado a demolición (sin etiqueta explícita en texto),Sí,Sí,,,,,,,,falla_columnas; perdida_verticalidad; dano_losas; cerramientos,0,Justificación Técnica de Demolición por Daño Severo ,Sí,4055,Alto (alias manual),1.0,157349,31571150720261313,ROJO,Residencias Dictis,CALLE ENTRE NORTE Y OCHO. MANZANA C. PARCELAS 3 Y 7 EDIF RESIDENCIAS DICTIS PISO 6 APT 6-B URB PLAYA GRANDE CATIA LA MAR (CAPITAL) LA GUAIRA ZONA POSTAL 1162,VARGAS,URIMARE,6.0,Concreto,Vivienda Edificio,Donna Carolina Rivas,2026-07-16 08:24:13,,10.609882145997211,-67.01996594667436,nan,"Dictis (ROJO, score=1.0, id=175560) | Residencias Dictis  (ROJO, score=1.0, id=161236)",dictis,dictis
INFORME TECNICO RESIDENCIAS DOÑA HILDA.pdf,5,Justificación técnica de demolición,,"Doña Hilda Av. Central, Parroquia Macuto, Estado La Guaira",Avenida Central. Año de Construcción Estimado: Circa 1981 (~45 años de,,,10 de agosto de 2026,Rene Nouel,,Colapso / escombros,Sí,No detectado,,,,,,,,falla_columnas; perdida_verticalidad; dano_losas; cerramientos; acordonamiento,0,"• Establecimiento de Perímetro de Exclusión: Asegurar y acordonar un radio de seguridad no menor a 1.5 veces la altura total de la edificación, restringiendo totalmente el paso vehicular y peatonal. • Desconexión de Servicios Públicos: Coordinar con las empresas prestadoras de servicio el corte y retiro seguro de acometidas de energía eléctrica, agua potable y gas de la zona inmediata. • Método de Ejecución Remota: Dada la inestabilidad del inmueble, queda estrictamente prohibido el ingreso de p",Sí,5134,Alto,0.9,399098,36141140820261804,ROJO,Edificio macuto,"La Guaira, Venezuela",VARGAS,MAIQUETIA,3.0,Concreto,Vivienda Edificio,Edwar Alexander Alvarado,2026-08-14 18:04:09,,10.595935015132746,-66.94785164215051,se requiere iñsegunda inspección ,"Macuto (ROJO, score=0.9, id=171137) | Av Central (ROJO, score=0.9, id=170672)",dona hilda av central parroquia macuto estado guaira,dona hilda
INFORME TECNICO RESIDENCIAS IBIZA.pdf,6,Justificación técnica de demolición,DGPS-013-11-08-2026,Edificio Ibiza (Sección Colapsada y Secciones Adyacentes),"Tanaguarenas, Caraballeda, Parroquia Central, Estado La Guaira / Caracas",,,11 de agosto de 2026,Evaluador; Supervisor,Werner Faro,Dictamen orientado a demolición (sin etiqueta explícita en texto),Sí,No detectado,,,,,,,,falla_columnas; dano_losas,0,"• 4.1. Irregularidad geométrica y efectos torsionales: La configuración en planta tipo ""L"" del conjunto residencial generó una excentricidad significativa entre el centro de masas y el centro de rigidez, lo que indujo momentos torsores de piso bajo la acción sísmica. Esta condición, inherente a la morfología de la edificación, amplificó las demandas de deformaciones en las columnas perimetrales y esquineras, especialmente en el vértice interior de la L, creando una condición de vulnerabilidad pr",Sí,8111,Alto (alias manual),1.0,159293,169210160720261510,ROJO,Edificio Ibiza,"Vargas, La Guaira, 11, Venezuela",VARGAS,CARABALLEDA,11.0,Concreto,Vivienda Edificio,Tabatha Samantha Caroli Savelli Jimenez,2026-07-16 15:10:32,,10.6113648,-66.8213696,nan,"Ibiza (ROJO, score=1.0, id=1692) | Ibiza  (ROJO, score=1.0, id=154)",ibiza seccion colapsada y secciones adyacentes,ibiza
INFORME TECNICO RESIDENCIAS LOS TAMARINDOS 2.pdf,4,Justificación técnica de demolición,,Los Tamarindos 2,,,,11 de agosto de 2026,,,INSEGURO (Rojo) — confirmado/citado,Sí,No detectado,Residencial,,,,,Sistema aporticado (pórticos de concreto armado),,falla_columnas; perdida_verticalidad; dano_losas; cerramientos; peligro_aledanos; acordonamiento,0, Conclusiones Técnicas del Caso: Dictamen de Habitabilidad: Se ratifica la clasificación de Etiqueta Roja (Inhabitable / Alto Riesgo). Recomendación Final: Demolición técnica y controlada direccionada hacia la zona posterior (campo de golf). Acciones Preventivas Inmediatas: Acordonamiento del perímetro y restricción total del paso peatonal y vehicular. Relevancia como Caso de Estudio: Falla Localizada de Entrepiso: Constituye un caso de estudio de alto valor técnico debido a que la falla se conc,Sí,4245,Alto,0.9,97301,16927130720261451,NEGRO,Los tamarindos,"Vargas, La Guaira, 11, Venezuela",VARGAS,CARABALLEDA,7.0,Concreto,Vivienda Edificio,Tabatha Samantha Caroli Savelli Jimenez,2026-07-13 14:51:44,,10.6091703,-66.8422572,nan,"Tamarindos II (NEGRO, score=0.5, id=201337)",tamarindos 2,tamarindos 2
INFORME TECNICO RESIDENCIAS MEDUSA.pdf,3,Justificación técnica de demolición,,Residencias Medusa,,,,11/08/2026,,,INSEGURO (Rojo) — confirmado/citado,Sí,No detectado,Residencial,,10,,,"Pórticos de concreto armado (12 columnas exteriores, 4",,cerramientos; peligro_aledanos,0,"1. La edificación Residencias Medusa presenta una condición estructural insegura e inhabitable, categorizada con Etiqueta Roja. 2. Debido a la deriva lateral permanentemente acumulada y al colapso de la capacidad resistente de sus elementos de concreto armado, la estructura no es apta para trabajos de rehabilitación o reforzamiento. 3. Se recomienda la DEMOLICIÓN CONTROLADA de la estructura, previa coordinación del perímetro de seguridad y la evacuación preventiva de las zonas adyacentes de infl",Sí,2779,Alto (alias manual),1.0,70266,8917120720261302,ROJO,Residencias medusa ,"Vargas, La Guaira, 11, Venezuela, avenida la playa ",VARGAS,CARABALLEDA,1.0,Concreto,Vivienda Edificio,Yohandy Alexi Miquilena Toyo,2026-07-12 13:02:40,,10.6126529,-66.830599,"La edificación presenta asentamiento debido a licuefacción, dando como resultado daño estructural e inclinación visible mayor a 2cm.ññ se presume ",,medusa,medusa
INFORME TECNICO RESIDENCIAS PARQUE AGUA MARINA.pdf,8,Ficha PNUD / ATC-20 detallada,,Edificio / Complejo: Parque Residencial Agua Marina,"Avenida La Playa, Sector Quince Letras, Parroquia Macuto, Estado La Guaira.",10.611311,-66.887579,11/08/2026,,,Dictamen orientado a demolición (sin etiqueta explícita en texto),Sí,Sí,,,,,,,,falla_columnas; peligro_aledanos,0,POST-SÍSMICA Y RECOMENDACIÓN DE DEMOLICIÓN ,Sí,4538,Alto,0.9,220019,106101290720261300,ROJO,residencial,"Caracas, Distrito Capital, 10, Venezuela",VARGAS,LA GUAIRA,1.0,Mampostería formal,Vivienda Casa,Reegan Antonio Morillo Morillo,2026-07-29 13:00:02,,10.6000163,-66.9321233,estable Pero con peligro eminente ,"Residencia agua marina (ROJO, score=0.9, id=173716) | Res parque del caribe  (ROJO, score=0.75, id=387555)",complejo parque residencial agua marina,parque agua marina
INFORME TECNICO RESIDENCIAS PARQUE AZUL.pdf,4,Justificación técnica de demolición,,Parque Azul presenta un colapso parcial severo que compromete,"Avenida La Playa con Calle Jardín Botánico, Sector Tanaguarenas /",,,17/07/2026,Frank Rojas,,INSEGURO (Rojo) — confirmado/citado,Parcial/implícito,No detectado,,,9,,445,pórticos de concreto armado,,falla_columnas; perdida_verticalidad; dano_losas; cerramientos; peligro_aledanos; acordonamiento; apuntalamiento,0,,Sí,4856,Alto (alias manual),1.0,161871,152613170720261316,ROJO,Parque azul,Avenida la playa,VARGAS,CARABALLEDA,8.0,Concreto,Vivienda Edificio,Frank Marcos Rojas Rojas,2026-07-17 13:17:04,,10.6129126,-66.8253563,edificio colpsado,"Res. Parque azul (ROJO, score=0.9, id=32672) | RESIDENCIAS PARQUE ANTILLANO (ROJO, score=0.5, id=454484)",parque azul presenta un colapso parcial severo que compromete,parque azul
INFORME TECNICO RESIDENCIAS SOL DE ORO II.pdf,6,Justificación técnica de demolición,,RESIDENCIAS SOL DE ORO II,"Av. Principal de La Llanada, Parroquia Caraballeda, Municipio Vargas,",,,,,,INSEGURO (Rojo) — confirmado/citado,Parcial/implícito,Sí,,,,,,No se evidencian colapsos parciales ni,,perdida_verticalidad; dano_losas; cerramientos; peligro_aledanos; acordonamiento,0,,Sí,5504,Alto (alias manual),1.0,140599,4563130720260225,ROJO,Edif. Sol de Oro II,"Av ppal La Llanada, caraballeda 1165, municipal Vargas, edo La Guaira.",VARGAS,CARABALLEDA,13.0,Concreto,Vivienda Edificio,Jesus Enrique Carvajal Franco,2026-07-15 15:13:39,,10.608131640224402,-66.86646384475426,realizar apuntalamiento. daño severo en columnas sin colapsos. riesgo de caida de paredes y acabado semipesado en fachada,"Resd Sol de Oro III (ROJO, score=0.9, id=261409) | Residencias Sol de Oro (ROJO, score=0.9, id=190094)",sol oro ii,sol oro ii
INFORME TECNICO RESIDENCIAS SOL DE ORO IV.pdf,8,Informe técnico estructural,,Residencias Sol de Oro IV,,,,11/08/2026,Edinson Stand Ing. Crisbelys Caraballo Ing,Jorge Medina,INSEGURO (Rojo) — confirmado/citado,No detectado en texto,No detectado,,,,,,,,falla_columnas; dano_vigas; dano_losas; cerramientos; acordonamiento; apuntalamiento,12,,Sí,10023,Alto (alias manual),1.0,190094,4567220720261823,ROJO,Residencias Sol de Oro,Av. Ppal La Llanada.,VARGAS,CARABALLEDA,12.0,Concreto,Vivienda Edificio,Jesus Enrique Carvajal Franco,2026-07-23 10:42:37,,10.609388,-66.865886,"se debe realizar limpieza, apuntalamiento, inspeccion profunda de daños, evaluacion estructural.","Residencias sol de oro I (ROJO, score=0.9, id=145921) | Residencias Sol de Oro V (ROJO, score=0.667, id=190281)",sol oro iv,sol oro iv
INFORME TECNICO RESIDENCIAS SUITES CARIBBEAN.pdf,3,Justificación técnica de demolición,,RESIDENCIAS SUITES CARIBBEAN,,10.6123498,-66.8291587,,,,Dictamen orientado a demolición (sin etiqueta explícita en texto),Sí,No detectado,,,,,,pórticos de concreto armado,,falla_columnas; perdida_verticalidad; cerramientos,0,3. JUSTIFICACIÓN TÉCNICA DE DEMOLICIÓN ,Sí,3969,Alto,0.75,159769,214236160720261639,AMARILLO,Edificio  Caraballeda Suites,"Tanaguarena, Caraballeda",VARGAS,CARABALLEDA,6.0,Concreto,Vivienda Edificio,Ornella Abril Acosta Rodriguez,2026-07-16 16:39:19,,10.60964665751632,-66.82709256351204,Daños observados de mampostería ,"Residencias Maydelen Suites (NEGRO, score=0.5, id=358519) | Malibu Suites (NEGRO, score=0.5, id=193075)",suites caribbean,suites caribbean
INFORME TECNICO RESIDENCIAS TANAGUARENA MAR.pdf,3,Justificación técnica de demolición,,"Residencia Tanaguarena Mar,","2da transversal, Av. La Playa, parroquia Caraballeda, Municipio",,,,,,Colapso / escombros,Sí,No detectado,,,,,,,,falla_columnas; acordonamiento,0,"1. Colapso Estructural Irreversible: El edificio se encuentra en una condición de colapso total e inestabilidad geométrica severa. La estructura carece de cualquier posibilidad de recuperación o rehabilitación. 2. Riesgo de Desplazamiento Secundario: El bloque superior desplazado se mantiene en un soporte inestable sobre los escombros de la planta baja, representando un riesgo potencial de colapso súbito o deslizamiento adicional ante cualquier vibración. 4. Recomendaciones de Emergencia y Demol",Sí,3813,Alto (alias manual),1.0,170020,19597170720261221,ROJO,Residencia Tanaguarena Mar,Calle el parque .. residencia tanaguarena Mar casa blanca .. parraquia caraballeda,VARGAS,CARABALLEDA,7.0,Concreto,Vivienda Edificio,Andrea Valentina Trinca,2026-07-18 13:19:00,,10.610458564113308,-66.82327275615175,nan,"RESIDENCIAS TANAGUARENA  (ROJO, score=0.9, id=92248) | Res. Tanaguarena mar  (ROJO, score=0.9, id=32680)",tanaguarena mar,tanaguarena mar
INFORME TECNICO RESIDENCIAS VENLIV.pdf,5,Justificación técnica de demolición,,"Residencias Venliv, clasificada con Etiquetado de Riesgo Color Rojo (Inhabitable / Alto Riesgo).",,,,11 de agosto de 2026,,,INSEGURO (Rojo) — confirmado/citado,Parcial/implícito,No detectado,,,,,,,,perdida_verticalidad; cerramientos; peligro_aledanos; acordonamiento; apuntalamiento,0,4.1. Conclusiones Condición de Riesgo Crítico: El colapso del nivel de planta baja combinado con el desplazamiento horizontal importante ratifica la condición de Etiqueta Roja (Inhabitable / Alto Riesgo) y la urgencia de su demolición. Inestabilidad Inminente: La masa de los 7 pisos superiores apoyada precariamente sobre la base fallada convierte a la edificación en la estructura de mayor vulnerabilidad e inestabilidad inmediata del sector. 4.2. Relevancia como Caso de Estudio Falla por Piso Bla,Sí,6454,Alto,1.0,116240,23631140720261343,NEGRO,Residencia Venliv ,La Guaira tanaguarena,VARGAS,CARABALLEDA,5.0,Concreto,Vivienda Edificio,Ruth Karla Briceño Bolivar,2026-07-14 13:45:06,,10.61240078136229,-66.82682915761922,nan,"RESIDENCIAS VENLIV (NEGRO, score=1.0, id=98050) | Residencias Venliv (NEGRO, score=1.0, id=71682)",venliv clasificada con etiquetado riesgo color rojo inhabitable alto riesgo,venliv
INFORME TECNICO RESIDENCIASEN CONSTRUCCION.pdf,3,Justificación técnica de demolición,,Edificio en construcción.,"Av. La Costanera, parroquia Caraballeda, Municipio Vargas, Estado La",,,,,,Dictamen orientado a demolición (sin etiqueta explícita en texto),Sí,No detectado,,,,,,,,falla_columnas; perdida_verticalidad,0,"1. Fragilidad Estructural y Riesgo de Falla Frágil: La ausencia de acero de refuerzo adecuado en una columna del primer piso elimina la ductilidad del elemento. Al tratarse de un nivel intermedio, esta columna soporta una gran acumulación de cargas gravitacionales de los pisos superiores; sin el refuerzo necesario, cualquier sobrecarga menor o esfuerzo residual puede desencadenar su aplastamiento o colapso repentino. 2. Inestabilidad Geométrica: El desplazamiento horizontal hacia el oeste en tre",Sí,3824,Alto,0.9,1195,299060720261817,ROJO,Edificio C,"La Guaira, Catia la Mar, calle principal ",VARGAS,CATIA LA MAR,14.0,Concreto y Mampostería Formal,Vivienda Edificio,Danielys Alejandra Henriquez Padron,2026-07-06 18:19:35,,10.595556,-67.040833,"Fecha de inspección: 30/06/2026
Inspector: 
Fernando Jiménez v6976906

Observaciones: agua abierta y no se sabe cómo cerrar. Tanque de gas desconectado pero sigue con gas ",,en construccion,residenciasen construccion
informe_tecnico_castromar_final_firmado.pdf,2,Justificación técnica de demolición,,tecnico_castromar_final_firmado,"Urbanización Tanaguarena, Estado La Guaira, Venezuela",,,,María Alejandra Camargo Mora Ingeniero Civil; Milagros Lara Ingeniero Civil,,INSEGURO (Rojo) — confirmado/citado,Sí,No detectado,,,4,,,,,falla_columnas; perdida_verticalidad; dano_vigas; dano_losas; cerramientos; peligro_aledanos; acordonamiento; apuntalamiento; monitoreo_vecinos,0,"mediante Etiqueta Roja. 2) La simetría teórica original del diseño fue anulada por la degradación patológica asimétrica de las columnas de la base, induciendo la torsión catastrófica. 3) Existe peligro inminente de colapso progresivo (efecto dominó) disparado por réplicas menores (aftershocks), asentamientos diferenciales o vibraciones de tránsito. Recomendaciones Inmediatas: 1. Establecimiento de Zona de Exclusión Total: Restringir de inmediato el acceso peatonal y vehicular en un radio de 22 m",Sí,6213,Alto (alias manual),1.0,32666,3470100720261709,ROJO,Res. Castromar,Av la playa de tanaguarena ,VARGAS,CARABALLEDA,4.0,Concreto,Vivienda Edificio,Ortiz Quintero Yulianna Del Valle,2026-07-10 22:20:21,,10.6100347,-66.8257627,Piso 1 colapsado ,,castromar,castromar
inspeccion- Residencias arrecife 8914120720261124.pdf,4,Ficha PNUD / ATC-20 detallada,,Material predominante,,10.6124794,-66.8270985,12/07/2026,,,,No detectado en texto,No detectado,,,,0,,,PISO CRÍTICO Y DAÑO SEVERO/COMPLETO,perdida_verticalidad; cerramientos; peligro_aledanos,0,,Sí,2469,Alto (alias manual),1.0,68099,8914120720261124,ROJO,Residencias arrecife ,"Avenida la playa, tanaguarenas",VARGAS,CARABALLEDA,8.0,Concreto,Vivienda Edificio,Yohandy Alexi Miquilena Toyo,2026-07-12 11:25:46,,10.6124794,-66.8270985,nan,"Vista Mar Arrecife Torre E (ROJO, score=0.9, id=3713)",material predominante,arrecife
Justificación de demolición Residencias Brisamar.pdf,4,Justificación técnica de demolición,DGPS-006-03-08-2026,Residencias Brisamar,,,,15/04/2026,Johan Bellorin Ingeniero Supervisor CIV; Trino Baloa CIV,CIV. 306.361,Colapso / escombros,Sí,No detectado,,,,,,,,falla_columnas; perdida_verticalidad; dano_vigas; dano_losas; cerramientos; peligro_aledanos,0," Más allá de la tragedia material, este evento representa un caso de estudio fundamental para la ingeniería estructural y sismorresistente. El complejo residencial, al estar compuesto por dos estructuras separadas por una junta de dilatación, ofrece un laboratorio a escala real de incalculable valor científico. El hecho de que la Torre A no presente daños severos mientras la Torre B experimentó un colapso inminente, plantea un paradigma crítico. Este comportamiento fuertemente asimétrico permite",Sí,5102,Alto (alias manual),1.0,131643,31551150720260743,ROJO,Edificio Brisamar,"El teleférico, frente a tribunales, macuto, la guaira",VARGAS,MACUTO,14.0,Concreto,Vivienda Edificio,Yenry Jose Torres,2026-07-15 07:44:33,,10.609862373349706,-66.88146114349367,"El edificio consta de dos Torres (A y B) separadas por junta de dilatación , la Torre A quedó en pie con daños en mampostería hasta el piso 7, pero, la Torre B colapsó las bases en Planta baja y el piso 1 de la torre B r",,brisamar,brisamar
la cascada.pdf,3,Justificación técnica de demolición,DGPS-007-05-08-2026,"Aplastamientodelniveldeplantabaja,seobservaronfallasenlosnodosdelaestructura","Avenida José María España, Sector Caribe, Parroquia Caraballeda,",,,15/04/2026,Johan Bellorin Ingeniero Supervisor CIV; Trino Baloa CIV,CIV. 306.361,Dictamen orientado a demolición (sin etiqueta explícita en texto),Sí,No detectado,,,4,,625,,,falla_columnas; perdida_verticalidad,0,de proceder con lademolición totalde la estructura.,Sí,2465,Alto,0.9,201966,40344280720261252,ROJO,SN,"El Cederal, casa SN",VARGAS,EL JUNKO,1.0,Concreto,Vivienda Casa,Jose Ricardo Urbina Garcia,2026-07-28 14:22:21,,10.4813698,-67.0872311,"La estructura de la vivienda popular consta de una losa de concreto apollada sobre una pared de bloque trabado. La misma presenta separación en el apoyo de de la losa y la tabiquería, la losa presenta también presenta fi","P (ROJO, score=0.9, id=195070) | P (ROJO, score=0.9, id=195038)",aplastamientodelniveldeplantabaja seobservaronfallasenlosnodosdelaestructura,cascada
las palmeras.pdf,2,Recolección de escombros / post-colapso,DGPS-008-05-08-2026,Las Palmeras,"Avenida José María España, Sector Caribe, Parroquia Caraballeda,",,,05 de agosto 2026,,,Colapso / escombros,No detectado en texto,No detectado,,,6,,330,,,,0,,Sí,1442,Alto,1.0,454581,446546190820261317,NEGRO,edificio las palmeras,"Vargas, La Guaira, 11, Venezuela",VARGAS,CARABALLEDA,7.0,Concreto,Industrial,Cristian Conrado,2026-08-19 13:17:26,,10.615520079513264,-66.84448889515802,nan,"Las palmeras (VERDE, score=1.0, id=117493) | Caserío las palmeras  (VERDE, score=0.9, id=75916)",palmeras,palmeras
maribel.pdf,2,Recolección de escombros / post-colapso,DGPS-009-05-08-2026,Maribel,,,,15/04/2026,Johan Bellorin Ingeniero Supervisor CIV; Trino Baloa CIV,CIV. 306.361,Colapso / escombros,No detectado en texto,No detectado,,,,,342,,,,0,,Sí,1683,Alto,0.9,196881,32551270720261027,ROJO,Casa SN Maribel López,"Vargas, La Guaira, 10, Venezuela calle faltrisquera",VARGAS,EL JUNKO,1.0,Mampostería informal,Vivienda Casa,Daniela Fernandez,2026-07-27 10:27:53,,10.486486486486486,-67.0660931266445," la vivienda de mampostería informal, bloque trabado, sufrió daños en las paredes por el sismo, están flojas, se recomendó desalojar las áreas de la casa en las que pueden colapsar las paredes ya que son las que soportan","Maribel Vázquez (ROJO, score=0.9, id=172032)",maribel,maribel
miramar.pdf,2,Recolección de escombros / post-colapso,DGPS-010-05-08-2026,Miramar,,,,15/04/2026,Johan Bellorin Ingeniero Supervisor CIV; Trino Baloa CIV,CIV. 306.361,Colapso / escombros,No detectado en texto,No detectado,,,12,,396,,,,0,,Sí,1686,Alto,1.0,334610,411752100820261308,ROJO,Miramar,"Caracas, Distrito Capital, 10, Venezuela",VARGAS,CARABALLEDA,1.0,Concreto,Vivienda Casa,Diobert Jesus Rosales Quezada,2026-08-10 13:09:21,,10.6189729,-66.8461721,colapsado,"Antiguo Hotel Miramar (ROJO, score=0.9, id=175729) | Casa S/N Calle Miramar (ROJO, score=0.9, id=171808)",miramar,miramar
opppe 27.pdf,2,Recolección de escombros / post-colapso,DGPS-012-05-08-2026,OPPPE 27,,,,15/04/2026,Johan Bellorin Ingeniero Supervisor CIV; Trino Baloa CIV,CIV. 306.361,Colapso / escombros,No detectado en texto,No detectado,,,13,,790,,,,0,,Sí,1520,Alto,0.9,133995,119422150720261027,NEGRO,Edificio OPPPE 27-G,"Vargas, La Guaira, 11, Venezuela",VARGAS,CARABALLEDA,13.0,Concreto,Vivienda Edificio,Jesús Israel González Pulido,2026-07-15 10:28:26,,10.61533813942791,-66.83988690376283,nan,"Edificio OPPPE-27-A (NEGRO, score=0.9, id=133196) | Edificio OPPPE 27-B (NEGRO, score=0.9, id=133181)",opppe 27,opppe 27
riomar (1).pdf,2,Recolección de escombros / post-colapso,DGPS-011-05-08-2026,Miramar,,,,15/04/2026,Johan Bellorin Ingeniero Supervisor CIV; Trino Baloa CIV,CIV. 306.361,Colapso / escombros,No detectado en texto,No detectado,,,12,,480,,,,0,,Sí,1621,Alto,1.0,334610,411752100820261308,ROJO,Miramar,"Caracas, Distrito Capital, 10, Venezuela",VARGAS,CARABALLEDA,1.0,Concreto,Vivienda Casa,Diobert Jesus Rosales Quezada,2026-08-10 13:09:21,,10.6189729,-66.8461721,colapsado,"Antiguo Hotel Miramar (ROJO, score=0.9, id=175729) | Casa S/N Calle Miramar (ROJO, score=0.9, id=171808)",miramar,riomar
